{"cameraMode":{"drawMode":0,"name":"Shaded","section":"Shading Mode"},"sceneLighting":false,"audioPlay":false,"sceneViewState":{"m_AlwaysRefresh":false,"showFog":true,"showSkybox":false,"showFlares":true,"showImageEffects":true,"showParticleSystems":true,"showVisualEffectGraphs":true,"m_FxEnabled":true},"in2DMode":false,"pivot":{"x":10.54064655303955,"y":-0.10480087995529175,"z":16.404403686523439},"rotation":{"x":0.18575501441955567,"y":0.5896815657615662,"z":-0.14168193936347962,"w":0.773118257522583},"size":0.8803195953369141,"orthographic":false}