{"cameraMode":{"drawMode":0,"name":"Shaded","section":"Shading Mode"},"sceneLighting":true,"audioPlay":false,"sceneViewState":{"m_AlwaysRefresh":false,"showFog":true,"showSkybox":true,"showFlares":true,"showImageEffects":true,"showParticleSystems":true,"showVisualEffectGraphs":true,"m_FxEnabled":true},"in2DMode":false,"pivot":{"x":0.05351072549819946,"y":3.251436710357666,"z":-4.931571960449219},"rotation":{"x":-0.36628738045692446,"y":0.015372641384601593,"z":-0.006054513622075319,"w":-0.9305155873298645},"size":1.3180745840072632,"orthographic":false}