{"cameraMode":{"drawMode":0,"name":"Shaded","section":"Shading Mode"},"sceneLighting":false,"audioPlay":false,"sceneViewState":{"m_AlwaysRefresh":false,"showFog":true,"showSkybox":false,"showFlares":true,"showImageEffects":true,"showParticleSystems":true,"showVisualEffectGraphs":true,"m_FxEnabled":true},"in2DMode":false,"pivot":{"x":10.573800086975098,"y":0.013999998569488526,"z":16.4862003326416},"rotation":{"x":0.1731966882944107,"y":0.5782220363616943,"z":-0.12723860144615174,"w":0.7870795726776123},"size":0.8803195953369141,"orthographic":false}